transaction_date,transaction_barcode,warehouse_name,transaction_type,subtotal,taxes,total,instant_savings,total_item_count
2024-11-17,21024400901582411171254,EAST HANOVER,Sales,266.75,6.62,273.37,0.0,13
,,,,,,,,
2023-09-18,21123600801862309181513,FLEMINGTON,Sales,234.56,1.13,235.69,0.0,22
2026-02-14,21133400100602602141056,BAYONNE,Sales,233.21,1.26,234.47,0.0,20
2026-02-14,21133400100622602141057,BAYONNE,Sales,15.69,0.52,16.21,2.0,1
2025-11-24,21133400102132511241428,BAYONNE,Sales,35.26,0.46,35.72,4.0,4
2026-04-27,21133400103372604271856,BAYONNE,Sales,184.62,0.0,184.62,0.0,19
2025-06-09,21133400104792506091706,BAYONNE,Sales,152.0,1.06,153.06,3.2,17
2026-01-17,21133400200742601171115,BAYONNE,Sales,246.2,1.16,247.36,9.2,20
2026-03-22,21133400200852603221059,BAYONNE,Sales,194.11,0.0,194.11,6.6,17
2026-05-11,21133400201692605111319,BAYONNE,Sales,168.02,0.33,168.35,0.0,19
2025-05-19,21133400202202505191324,BAYONNE,Sales,143.22,0.0,143.22,1.5,17
2026-02-07,21133400203432602071621,BAYONNE,Sales,137.63,0.0,137.63,0.0,16
2026-01-10,21133400203442601101528,BAYONNE,Sales,212.61,0.6,213.21,0.0,20
2026-02-21,21133400301072602211052,BAYONNE,Sales,202.38,0.0,202.38,4.5,18
2026-04-12,21133400303612604121459,BAYONNE,Sales,189.63,0.0,189.63,0.0,17
2023-12-10,21133400400452312101055,BAYONNE,Sales,116.88,0.0,116.88,0.0,15
2025-06-28,21133400401612506281206,BAYONNE,Sales,275.99,1.82,277.81,4.5,19
2024-04-06,21133400401732404061437,BAYONNE,Sales,192.45,0.0,192.45,4.0,18
2024-02-18,21133400402022402181504,BAYONNE,Sales,196.76,0.33,197.09,2.0,21
2024-05-24,21133400402972405241458,BAYONNE,Sales,280.63,0.0,280.63,11.5,25
2025-08-18,21133400403632508181520,BAYONNE,Sales,185.39,0.0,185.39,3.5,19
2022-11-21,21133400500322211211114,BAYONNE,Sales,119.69,0.33,120.02,10.8,11
2025-09-03,21133400502172509031348,BAYONNE,Sales,179.06,1.26,180.32,4.0,14
2025-09-12,21133400502312509121514,BAYONNE,Sales,186.98,0.0,186.98,0.0,15
2024-03-18,21133400502552403181444,BAYONNE,Sales,130.16,0.49,130.65,0.0,14
2024-12-21,21133400502852412211644,BAYONNE,Sales,90.14,0.0,90.14,0.0,12
2025-07-08,21133400503962507081844,BAYONNE,Sales,213.51,0.0,213.51,4.0,19
2023-06-19,21133400600192306191050,BAYONNE,Sales,289.45,0.56,290.01,3.5,23
2024-10-15,21133400600482410151124,BAYONNE,Sales,110.15,0.0,110.15,4.2,13
2026-01-31,21133400600552601311058,BAYONNE,Sales,226.63,0.0,226.63,1.5,25
2024-09-29,21133400600602409291146,BAYONNE,Sales,197.7,0.0,197.7,3.2,22
2025-09-20,21133400600712509201124,BAYONNE,Sales,257.64,1.46,259.1,4.0,24
2025-08-25,21133400601012508251337,BAYONNE,Sales,185.74,0.0,185.74,9.5,21
2025-11-16,21133400601612511161259,BAYONNE,Sales,166.13,0.0,166.13,0.0,17
2025-11-30,21133400602652511301506,BAYONNE,Sales,236.8,0.0,236.8,0.0,22
2026-05-03,21133400602932605031526,BAYONNE,Sales,135.56,0.0,135.56,0.0,14
2025-10-26,21133400603002510261545,BAYONNE,Sales,270.12,0.99,271.11,0.0,22
2025-06-19,21133400603342506191602,BAYONNE,Sales,236.94,1.46,238.4,3.0,23
2026-03-28,21133400603682603281738,BAYONNE,Sales,96.68,0.0,96.68,7.3,11
2026-05-16,21133400604572605161834,BAYONNE,Sales,148.28,0.83,149.11,0.0,15
2023-02-05,21133400700152302051034,BAYONNE,Sales,120.72,0.0,120.72,0.0,15
2024-07-21,21133400700232407211056,BAYONNE,Sales,245.18,0.41,245.59,9.4,26
2024-09-13,21133400700242409131059,BAYONNE,Sales,225.51,0.76,226.27,6.1,23
2025-11-23,21133400700252511231034,BAYONNE,Sales,208.84,1.92,210.76,0.0,16
2026-03-14,21133400700312603141111,BAYONNE,Sales,191.49,1.08,192.57,3.0,20
2024-04-28,21133400700352404281027,BAYONNE,Sales,274.81,0.0,274.81,0.0,25
2023-09-29,21133400700362309291259,BAYONNE,Sales,284.4,0.0,284.4,4.3,30
2023-01-06,21133400700452301061128,BAYONNE,Sales,144.74,0.0,144.74,5.8,16
2025-11-08,21133400700772511081142,BAYONNE,Sales,171.2,0.0,171.2,0.0,18
2025-03-22,21133400700832503221154,BAYONNE,Sales,191.81,1.68,193.49,4.0,20
2024-03-24,21133400700882403241054,BAYONNE,Sales,133.49,1.54,135.03,3.5,11
2024-12-31,21133400700932412311221,BAYONNE,Sales,213.96,0.0,213.96,10.0,20
2023-02-20,21133400700992302201213,BAYONNE,Sales,121.48,0.81,122.29,3.3,13
2026-03-07,21133400701052603071139,BAYONNE,Sales,206.41,0.74,207.15,2.0,19
2023-07-31,21133400701202307311220,BAYONNE,Sales,274.76,1.37,276.13,2.2,22
2025-09-02,21133400701222509021317,BAYONNE,Sales,351.06,9.04,360.1,2.4,23
2024-06-24,21133400701282406241225,BAYONNE,Sales,100.82,0.0,100.82,0.0,9
2025-08-02,21133400701322508021205,BAYONNE,Sales,341.66,0.63,342.29,6.0,25
2024-06-09,21133400701532406091357,BAYONNE,Sales,248.33,0.94,249.27,8.8,26
2025-05-25,21133400701712505251307,BAYONNE,Sales,184.39,0.0,184.39,3.5,16
2023-11-13,21133400701852311131401,BAYONNE,Sales,133.76,0.0,133.76,0.0,14
2023-11-25,21133400701912311251328,BAYONNE,Sales,160.84,0.0,160.84,4.0,16
2023-01-16,21133400702072301161517,BAYONNE,Sales,115.51,0.0,115.51,2.5,9
2024-03-02,21133400702212403021410,BAYONNE,Sales,292.54,0.49,293.03,4.6,28
2024-01-22,21133400702252401221452,BAYONNE,Sales,154.91,0.0,154.91,0.0,19
2026-03-01,21133400702382603011510,BAYONNE,Sales,190.6,0.5,191.1,3.9,20
2024-11-24,21133400702592411241556,BAYONNE,Sales,115.93,0.0,115.93,2.0,13
2023-12-02,21133400702742312021429,BAYONNE,Sales,177.04,3.9,180.94,4.4,14
2024-07-07,21133400703172407071648,BAYONNE,Sales,171.04,0.43,171.47,0.0,15
2025-05-12,21133400703662505121619,BAYONNE,Sales,76.78,0.0,76.78,0.0,10
2024-12-07,21133400800052412071006,BAYONNE,Sales,130.55,0.0,130.55,0.0,13
2025-09-27,21133400800142509271103,BAYONNE,Sales,284.21,0.0,284.21,5.0,23
2022-11-11,21133400800212211111104,BAYONNE,Sales,217.69,0.0,217.69,3.5,23
2025-12-06,21133400800442512061058,BAYONNE,Sales,183.94,0.91,184.85,4.0,16
2025-01-19,21133400800512501191054,BAYONNE,Sales,186.81,0.63,187.44,0.0,16
2023-03-13,21133400800542303131236,BAYONNE,Sales,183.33,0.0,183.33,0.0,19
2023-11-19,21133400800542311191117,BAYONNE,Sales,248.77,0.59,249.36,1.0,22
2024-08-25,21133400800712408251121,BAYONNE,Sales,312.95,0.36,313.31,4.0,28
2024-02-03,21133400801242402031217,BAYONNE,Sales,244.05,0.73,244.78,3.0,27
2023-05-31,21133400802222305311532,BAYONNE,Sales,277.62,0.0,277.62,7.8,28
2023-07-03,21133400802672307031432,BAYONNE,Sales,293.72,0.73,294.45,9.2,26
2025-02-05,21133400802862502051506,BAYONNE,Sales,230.21,0.0,230.21,0.0,18
2023-10-10,21133400802962310101633,BAYONNE,Sales,164.97,0.33,165.3,3.0,23
2023-09-05,21133400803182309051510,BAYONNE,Sales,336.4,8.51,344.91,0.0,23
2024-08-03,21133400803192408031633,BAYONNE,Sales,139.7,1.03,140.73,6.5,15
2023-08-13,21133400803532308131521,BAYONNE,Sales,139.74,0.89,140.63,0.0,16
2025-02-22,21133400804082502221606,BAYONNE,Sales,206.94,0.6,207.54,6.6,20
2024-09-04,21133400900222409041045,BAYONNE,Sales,309.99,14.57,324.56,50.0,1
2024-09-04,21133400900232409041046,BAYONNE,Sales,237.51,1.85,239.36,0.0,20
2025-03-30,21133400900412503301100,BAYONNE,Sales,244.44,0.0,244.44,5.0,18
2025-12-20,21133400900522512201123,BAYONNE,Sales,164.91,0.0,164.91,5.0,15
2023-07-14,21133400900752307141120,BAYONNE,Sales,282.9,1.01,283.91,2.0,24
2024-07-13,21133400900892407131135,BAYONNE,Sales,152.15,0.83,152.98,0.0,15
2025-10-04,21133400900892510041133,BAYONNE,Sales,181.65,0.0,181.65,2.5,17
2025-05-02,21133400901002505021151,BAYONNE,Sales,294.21,1.52,295.73,5.0,25
2024-07-26,21133400901182407261213,BAYONNE,Sales,27.36,0.0,27.36,0.0,4
2026-04-19,21133400901642604191612,BAYONNE,Sales,244.31,0.0,244.31,2.0,25
2025-10-19,21133400901722510191458,BAYONNE,Sales,308.57,0.83,309.4,1.9,29
2025-12-26,21133400901762512261453,BAYONNE,Sales,150.16,0.0,150.16,2.6,17
2025-11-01,21133400901802511011539,BAYONNE,Sales,212.59,0.0,212.59,1.5,21
2023-12-31,21133400901852312311137,BAYONNE,Sales,187.14,0.0,187.14,8.1,20
2025-03-15,21133400902152503151313,BAYONNE,Sales,189.56,0.49,190.05,5.8,18
2025-03-09,21133400902242503091312,BAYONNE,Sales,154.43,0.73,155.16,0.0,17
2025-02-11,21133400902382502111700,BAYONNE,Sales,133.28,0.0,133.28,0.0,12
2024-11-10,21133400902792411101516,BAYONNE,Sales,380.5,0.63,381.13,5.0,24
2023-04-20,21133400903382304201530,BAYONNE,Sales,130.06,0.0,130.06,0.0,14
2024-11-30,21133400903722411301556,BAYONNE,Sales,85.47,0.0,85.47,0.0,11
2023-05-02,21133400903832305021717,BAYONNE,Sales,66.14,0.0,66.14,1.5,6
2023-04-02,21133400904002304021558,BAYONNE,Sales,68.9,0.0,68.9,0.0,10
2023-03-03,21133401000262303031027,BAYONNE,Sales,175.22,1.22,176.44,0.0,18
2023-10-27,21133401000832310271144,BAYONNE,Sales,255.87,0.66,256.53,0.0,28
2025-12-13,21133401001222512131520,BAYONNE,Sales,129.96,0.0,129.96,0.0,14
2023-12-21,21133401001572312211341,BAYONNE,Sales,196.79,0.73,197.52,6.0,21
2025-04-05,21133401002152504051244,BAYONNE,Sales,189.6,0.0,189.6,0.0,20
2024-07-01,21133401002322407011400,BAYONNE,Sales,132.74,0.0,132.74,4.3,14
2024-04-16,21133401002512404161421,BAYONNE,Sales,89.89,0.49,90.38,0.0,11
2022-11-26,21133401003142211261759,BAYONNE,Sales,136.56,0.0,136.56,1.8,14
2024-11-02,21133401004372411021616,BAYONNE,Sales,103.65,0.0,103.65,0.0,8
2025-05-31,21133401100432505311127,BAYONNE,Sales,230.49,0.0,230.49,0.0,21
2023-03-24,21133401100522303241037,BAYONNE,Sales,96.77,0.0,96.77,6.0,13
2023-05-15,21133401101632305151238,BAYONNE,Sales,205.53,0.53,206.06,0.0,16
2025-01-11,21133401101662501111209,BAYONNE,Sales,294.61,0.56,295.17,0.0,26
2022-12-15,21133401101842212151315,BAYONNE,Sales,125.28,0.0,125.28,12.7,14
2023-01-24,21133401101982301241257,BAYONNE,Sales,235.25,0.0,235.25,5.0,24
2025-03-01,21133401102052503011210,BAYONNE,Sales,314.65,0.53,315.18,6.0,24
2024-05-11,21133401103032405111432,BAYONNE,Sales,285.05,2.49,287.54,0.0,24
2025-04-27,21133401103642504271633,BAYONNE,Sales,380.72,0.83,381.55,3.5,27
2023-04-27,21133401104052304271742,BAYONNE,Sales,62.12,0.0,62.12,0.0,8
2025-01-27,21133401205552501271756,BAYONNE,Sales,127.14,0.0,127.14,3.5,16
,,,,,,,,
,,,,,,,,
,,,,,,,,
,,,,,,,,
,,,,,,,,
,,,,,,,,
,,,,,,,,
,,,,,,,,
2025-11-23,21133412100382511231002,BAYONNE,Refund,-20.99,0.0,-20.99,0.0,-1
2025-05-02,21133412200132505021113,BAYONNE,Refund,-73.71,0.0,-73.71,0.0,-1
2025-06-28,21133412200162506281126,BAYONNE,Refund,-23.58,-0.46,-24.04,0.0,-2
2026-02-14,21133412200162602141119,BAYONNE,Refund,-4.99,0.0,-4.99,0.0,-1
2025-06-28,21133412200172506281127,BAYONNE,Refund,-6.99,0.0,-6.99,0.0,-1
2025-06-29,21133412300342506291144,BAYONNE,Refund,-44.47,-1.22,-45.69,0.0,-3
2026-03-14,21133412300442603141044,BAYONNE,Refund,-19.99,0.0,-19.99,0.0,-1
2024-08-03,21133412301372408031602,BAYONNE,Refund,-12.68,0.0,-12.68,0.0,-2
,,,,,,,,
,,,,,,,,
,,,,,,,,
,,,,,,,,
,,,,,,,,
,,,,,,,,
,,,,,,,,
,,,,,,,,
,,,,,,,,
,,,,,,,,
,,,,,,,,
2025-12-21,21133420200452512211125,BAYONNE,Sales,13.99,0.46,14.45,0.0,1
2025-06-12,21133420201072506121555,BAYONNE,Sales,87.72,0.73,88.45,1.2,8
2026-01-04,21133420202482601041734,BAYONNE,Sales,55.92,0.0,55.92,0.0,8
2023-06-02,21133420300102306021013,BAYONNE,Sales,32.37,0.56,32.93,0.0,3
2023-06-03,21133420300542306031111,BAYONNE,Sales,68.96,0.0,68.96,3.0,4
2026-02-14,21133420500982602141128,BAYONNE,Sales,12.98,0.0,12.98,0.0,2
2023-06-25,21133420501242306251417,BAYONNE,Sales,133.06,0.0,133.06,4.3,13
2025-05-31,21133422600432505311134,BAYONNE,Sales,18.99,1.26,20.25,0.0,1
2022-11-26,21133422601202211261804,BAYONNE,Sales,9.97,0.0,9.97,0.0,1
